<?xml version='1.0' encoding='utf-8'?>
<!DOCTYPE hibernate-configuration PUBLIC
        "-//Hibernate/Hibernate Configuration DTD//EN"
        "http://www.hibernate.org/dtd/hibernate-configuration-3.0.dtd">
<hibernate-configuration>
    <session-factory>
        <property name="dialect">org.hibernate.dialect.MySQL55Dialect</property>
        <property name="connection.driver_class">com.mysql.jdbc.Driver</property>
        <property name="connection.url">jdbc:mysql://localhost:3306/ajt_task_3_hibernate</property>
        <property name="hibernate.connection.username">root</property>
        <property name="hibernate.connection.password"/>
        <property name="hibernate.hbm2ddl.auto">update</property>
        <property name="show_sql">true</property>
        <property name="format_sql">true</property>


        <mapping class="com.aryanlanghanoja.models.Student"/>
        <mapping class="com.aryanlanghanoja.models.Subject"/>

    </session-factory>
</hibernate-configuration>